,BankName
0,State Bank of India
1,GT Bank
2,Yes
3,Zenith Bank
4,United Bank for Africa
5,Goldman Sachs
6,Citi
7,BofA
8,Access
9,ICICI
10,FirstBank
11,Deutsche
12,Bank of Baroda
13,Co-operative Bank
14,HDFC
15,KCB
16,UBS
17,Axis
18,Chase
19,Equity
20,Credit Suisse
21,RBL Bank
22,Wells Fargo
23,Stanbic IBTC
24,Capitec
25,Kotak Mahindra
26,Barclays
27,Union (Nigeria)
28,Standard
29,Fidelity
30,IDBI
31,Capital One
32,Maybank
33,HSBC
34,Nedbank
35,Absa
36,First City Monument
37,Sallie Mae (SmartyPig)
38,Bank of the Philippine Islands
39,Emirates NBD
40,Lloyds
41,CIMB
42,Sterling
43,Polaris
44,USAA
45,TD Bank (Canada)
46,HBL
47,IndusInd
48,FAB
49,ANZ
50,Natwest
51,CIBC
52,RBC
53,Scotiabank
54,FNB
55,Ecobank
56,Commonwealth
57,Wema
58,Standard Chartered
59,Santander (UK)
60,Chase
61,Stanbic
62,Absa
63,Virgin Money 
64,NAB
65,African Bank
66,Mashreq
67,Federal
68,Westpac
69,Access 
70,Bank of Montreal
71,TD Bank (US)
72,Allied Irish Bank
73,I&M
74,Unity
75,Bank of Ireland
76,ING Groep
77,Ally
78,Heritage
79,US Bank
80,Investec
81,RAKBANK
82,Tangerine
83,National Bank of Kenya
84,Fifth Third
85,PNC
86,Silicon Valley
87,BNY Mellon
88,DBS
89,RBS
90,Bank of Maldives
91,NCB
92,First Direct
93,Citizens
94,NetSpend
95,UBL
96,Meezan
97,Regions
98,Permanent TSB
99,Co-Operative Bank
